phase_harmonic_01	phase_harmonic_02	phase_harmonic_03	phase_harmonic_04	phase_harmonic_05	phase_harmonic_06	phase_harmonic_07	phase_harmonic_08	phase_harmonic_09	phase_harmonic_10	phase_harmonic_11	phase_harmonic_12	phase_harmonic_13	phase_harmonic_14	phase_harmonic_15	phase_harmonic_16	phase_svd_01	phase_svd_02	phase_svd_03	phase_svd_04	phase_svd_05
-0.6371403084	0.6371403084	-0.6371403084	0.6371403084	0.6371403084	-0.6371403084	0.6371403084	-0.6371403084	0.6371403084	-0.6371403084	0.6371403084	-0.6371403084	0.6371403084	-0.6371403084	0.6371403084	-0.6371403084	-0.1157671071	-0.6371403084	1.362428241	-1.126218714	1.185796487
0.7257596249	-0.7257596249	0.7257596249	-0.7257596249	-0.7257596249	0.7257596249	-0.7257596249	0.7257596249	-0.7257596249	0.7257596249	-0.7257596249	0.7257596249	-0.7257596249	0.7257596249	-0.7257596249	0.7257596249	0.6890027876	0.7257596249	1.396514989	-0.9538150175	1.397974247
1.026754288	-1.026754288	1.026754288	-1.026754288	-1.026754288	1.026754288	-1.026754288	1.026754288	-1.026754288	1.026754288	-1.026754288	1.026754288	-1.026754288	1.026754288	-1.026754288	1.026754288	1.146752324	1.026754288	1.200512979	0.5692820458	0.147262568
-1.266096686	1.266096686	-1.266096686	1.266096686	1.266096686	-1.266096686	1.266096686	-1.266096686	1.266096686	-1.266096686	1.266096686	-1.266096686	1.266096686	-1.266096686	1.266096686	-1.266096686	-0.3173379019	-1.266096686	1.33441036	-0.595212201	0.6124361437
-0.1163521282	0.1163521282	-0.1163521282	0.1163521282	0.1163521282	-0.1163521282	0.1163521282	-0.1163521282	0.1163521282	-0.1163521282	0.1163521282	-0.1163521282	0.1163521282	-0.1163521282	0.1163521282	-0.1163521282	-0.05282867492	-0.1163521282	1.385369467	-1.082108757	1.781700179
0.9562678077	-0.9562678077	0.9562678077	-0.9562678077	-0.9562678077	0.9562678077	-0.9562678077	0.9562678077	-0.9562678077	0.9562678077	-0.9562678077	0.9562678077	-0.9562678077	0.9562678077	-0.9562678077	0.9562678077	1.013901661	0.9562678077	1.338625933	-1.049220655	1.468125377
0.07998743051	-0.07998743051	0.07998743051	-0.07998743051	-0.07998743051	0.07998743051	-0.07998743051	0.07998743051	-0.07998743051	0.07998743051	-0.07998743051	0.07998743051	-0.07998743051	0.07998743051	-0.07998743051	0.07998743051	-0.1622884602	0.07998743051	1.43534171	-0.3071568079	0.7473267395
-0.5810604971	0.5810604971	-0.5810604971	0.5810604971	0.5810604971	-0.5810604971	0.5810604971	-0.5810604971	0.5810604971	-0.5810604971	0.5810604971	-0.5810604971	0.5810604971	-0.5810604971	0.5810604971	-0.5810604971	-0.5601358752	-0.5810604971	1.193276101	-0.4400248463	0.005151030398
0.009241417975	-0.009241417975	0.009241417975	-0.009241417975	-0.009241417975	0.009241417975	-0.009241417975	0.009241417975	-0.009241417975	0.009241417975	-0.009241417975	0.009241417975	-0.009241417975	0.009241417975	-0.009241417975	0.009241417975	0.09112295357	0.009241417975	1.415268602	-0.8587071234	1.285826544
1.960804178	-1.960804178	1.960804178	-1.960804178	-1.960804178	1.960804178	-1.960804178	1.960804178	-1.960804178	1.960804178	-1.960804178	1.960804178	-1.960804178	1.960804178	-1.960804178	1.960804178	1.950457973	1.960804178	1.370490139	0.5163564191	0.1978528383
0.8738894313	-0.8738894313	0.8738894313	-0.8738894313	-0.8738894313	0.8738894313	-0.8738894313	0.8738894313	-0.8738894313	0.8738894313	-0.8738894313	0.8738894313	-0.8738894313	0.8738894313	-0.8738894313	0.8738894313	1.388622553	0.8738894313	1.539028075	2.459615795	0.05055354521
-1.629313658	1.629313658	-1.629313658	1.629313658	1.629313658	-1.629313658	1.629313658	-1.629313658	1.629313658	-1.629313658	1.629313658	-1.629313658	1.629313658	-1.629313658	1.629313658	-1.629313658	0.5923180716	-1.629313658	1.980516637	2.442551518	0.1928765481
-0.2308799205	0.2308799205	-0.2308799205	0.2308799205	0.2308799205	-0.2308799205	0.2308799205	-0.2308799205	0.2308799205	-0.2308799205	0.2308799205	-0.2308799205	0.2308799205	-0.2308799205	0.2308799205	-0.2308799205	0.6683998621	-0.2308799205	1.87608318	1.522097983	0.1289632593
1.40383474	-1.40383474	1.40383474	-1.40383474	-1.40383474	1.40383474	-1.40383474	1.40383474	-1.40383474	1.40383474	-1.40383474	1.40383474	-1.40383474	1.40383474	-1.40383474	1.40383474	2.586299555	1.40383474	1.631278522	1.143630794	0.08910746549
-1.1729042	1.1729042	-1.1729042	1.1729042	1.1729042	-1.1729042	1.1729042	-1.1729042	1.1729042	-1.1729042	1.1729042	-1.1729042	1.1729042	-1.1729042	1.1729042	-1.1729042	0.106815939	-1.1729042	1.801725141	1.616454494	-0.4361304121
-0.2343388605	0.2343388605	-0.2343388605	0.2343388605	0.2343388605	-0.2343388605	0.2343388605	-0.2343388605	0.2343388605	-0.2343388605	0.2343388605	-0.2343388605	0.2343388605	-0.2343388605	0.2343388605	-0.2343388605	0.3024099487	-0.2343388605	1.887676519	0.5415837379	0.8502840436
0.2294920707	-0.2294920707	0.2294920707	-0.2294920707	-0.2294920707	0.2294920707	-0.2294920707	0.2294920707	-0.2294920707	0.2294920707	-0.2294920707	0.2294920707	-0.2294920707	0.2294920707	-0.2294920707	0.2294920707	0.6646923401	0.2294920707	1.710393684	1.043271091	0.01532266317
1.738631191	-1.738631191	1.738631191	-1.738631191	-1.738631191	1.738631191	-1.738631191	1.738631191	-1.738631191	1.738631191	-1.738631191	1.738631191	-1.738631191	1.738631191	-1.738631191	1.738631191	2.062716924	1.738631191	1.535428165	1.288500801	0.1097927444
-1.269730414	1.269730414	-1.269730414	1.269730414	1.269730414	-1.269730414	1.269730414	-1.269730414	1.269730414	-1.269730414	1.269730414	-1.269730414	1.269730414	-1.269730414	1.269730414	-1.269730414	0.4119200799	-1.269730414	1.742716989	1.071612735	-0.7574436345
-0.04128035024	0.04128035024	-0.04128035024	0.04128035024	0.04128035024	-0.04128035024	0.04128035024	-0.04128035024	0.04128035024	-0.04128035024	0.04128035024	-0.04128035024	0.04128035024	-0.04128035024	0.04128035024	-0.04128035024	0.2864665232	-0.04128035024	1.718208958	-0.3303568474	0.474402043
1.469929494	-1.469929494	1.469929494	-1.469929494	-1.469929494	1.469929494	-1.469929494	1.469929494	-1.469929494	1.469929494	-1.469929494	1.469929494	-1.469929494	1.469929494	-1.469929494	1.469929494	1.830622186	1.469929494	1.603716573	0.328993102	0.1618590323
0.3760427005	-0.3760427005	0.3760427005	-0.3760427005	-0.3760427005	0.3760427005	-0.3760427005	0.3760427005	-0.3760427005	0.3760427005	-0.3760427005	0.3760427005	-0.3760427005	0.3760427005	-0.3760427005	0.3760427005	0.6523807441	0.3760427005	1.50273755	1.263220193	-1.087118129
-1.304454421	1.304454421	-1.304454421	1.304454421	1.304454421	-1.304454421	1.304454421	-1.304454421	1.304454421	-1.304454421	1.304454421	-1.304454421	1.304454421	-1.304454421	1.304454421	-1.304454421	-0.8173639238	-1.304454421	1.85294637	0.8322892269	-0.2612034067
0.3915297234	-0.3915297234	0.3915297234	-0.3915297234	-0.3915297234	0.3915297234	-0.3915297234	0.3915297234	-0.3915297234	0.3915297234	-0.3915297234	0.3915297234	-0.3915297234	0.3915297234	-0.3915297234	0.3915297234	0.7298184816	0.3915297234	1.660632361	0.1968777573	0.5764916211
1.594430984	-1.594430984	1.594430984	-1.594430984	-1.594430984	1.594430984	-1.594430984	1.594430984	-1.594430984	1.594430984	-1.594430984	1.594430984	-1.594430984	1.594430984	-1.594430984	1.594430984	1.342096003	1.594430984	1.470717082	1.023336542	-0.3071623875
-1.01601931	1.01601931	-1.01601931	1.01601931	1.01601931	-1.01601931	1.01601931	-1.01601931	1.01601931	-1.01601931	1.01601931	-1.01601931	1.01601931	-1.01601931	1.01601931	-1.01601931	0.3615700833	-1.01601931	1.752760876	1.184934099	-1.053305495
-0.3152015857	0.3152015857	-0.3152015857	0.3152015857	0.3152015857	-0.3152015857	0.3152015857	-0.3152015857	0.3152015857	-0.3152015857	0.3152015857	-0.3152015857	0.3152015857	-0.3152015857	0.3152015857	-0.3152015857	0.2642506293	-0.3152015857	1.836629709	0.1034883309	0.4598919575
1.174083044	-1.174083044	1.174083044	-1.174083044	-1.174083044	1.174083044	-1.174083044	1.174083044	-1.174083044	1.174083044	-1.174083044	1.174083044	-1.174083044	1.174083044	-1.174083044	1.174083044	1.052652366	1.174083044	1.717422895	0.4189547106	0.3495974544
0.232913471	-0.232913471	0.232913471	-0.232913471	-0.232913471	0.232913471	-0.232913471	0.232913471	-0.232913471	0.232913471	-0.232913471	0.232913471	-0.232913471	0.232913471	-0.232913471	0.232913471	0.8604025283	0.232913471	1.692518479	1.191809261	-0.4297640268
-1.109827194	1.109827194	-1.109827194	1.109827194	1.109827194	-1.109827194	1.109827194	-1.109827194	1.109827194	-1.109827194	1.109827194	-1.109827194	1.109827194	-1.109827194	1.109827194	-1.109827194	-0.1747768566	-1.109827194	1.860811728	0.5802949716	0.3858535091
0.2123651587	-0.2123651587	0.2123651587	-0.2123651587	-0.2123651587	0.2123651587	-0.2123651587	0.2123651587	-0.2123651587	0.2123651587	-0.2123651587	0.2123651587	-0.2123651587	0.2123651587	-0.2123651587	0.2123651587	1.016440727	0.2123651587	1.815082952	-0.1071259635	0.7690949422
1.635149941	-1.635149941	1.635149941	-1.635149941	-1.635149941	1.635149941	-1.635149941	1.635149941	-1.635149941	1.635149941	-1.635149941	1.635149941	-1.635149941	1.635149941	-1.635149941	1.635149941	1.768123883	1.635149941	1.434172844	1.04391485	-0.1967021526
-0.8891240701	0.8891240701	-0.8891240701	0.8891240701	0.8891240701	-0.8891240701	0.8891240701	-0.8891240701	0.8891240701	-0.8891240701	0.8891240701	-0.8891240701	0.8891240701	-0.8891240701	0.8891240701	-0.8891240701	-0.4270856148	-0.8891240701	1.701026706	1.266766354	-0.9176366361
-0.4398297473	0.4398297473	-0.4398297473	0.4398297473	0.4398297473	-0.4398297473	0.4398297473	-0.4398297473	0.4398297473	-0.4398297473	0.4398297473	-0.4398297473	0.4398297473	-0.4398297473	0.4398297473	-0.4398297473	0.1889021428	-0.4398297473	1.760830722	0.3082879723	0.3124405618
0.3262086591	-0.3262086591	0.3262086591	-0.3262086591	-0.3262086591	0.3262086591	-0.3262086591	0.3262086591	-0.3262086591	0.3262086591	-0.3262086591	0.3262086591	-0.3262086591	0.3262086591	-0.3262086591	0.3262086591	0.7560596655	0.3262086591	1.676235314	0.4890728627	0.4000850201
0.7226137063	-0.7226137063	0.7226137063	-0.7226137063	-0.7226137063	0.7226137063	-0.7226137063	0.7226137063	-0.7226137063	0.7226137063	-0.7226137063	0.7226137063	-0.7226137063	0.7226137063	-0.7226137063	0.7226137063	1.276201603	0.7226137063	1.678170621	1.007487156	-0.05199660138
-0.9405781957	0.9405781957	-0.9405781957	0.9405781957	0.9405781957	-0.9405781957	0.9405781957	-0.9405781957	0.9405781957	-0.9405781957	0.9405781957	-0.9405781957	0.9405781957	-0.9405781957	0.9405781957	-0.9405781957	-0.6573802967	-0.9405781957	1.463895108	1.38136494	-1.082161118
-0.2212925756	0.2212925756	-0.2212925756	0.2212925756	0.2212925756	-0.2212925756	0.2212925756	-0.2212925756	0.2212925756	-0.2212925756	0.2212925756	-0.2212925756	0.2212925756	-0.2212925756	0.2212925756	-0.2212925756	-0.08566778506	-0.2212925756	1.753166672	0.305643609	0.6494328792
0.6627454958	-0.6627454958	0.6627454958	-0.6627454958	-0.6627454958	0.6627454958	-0.6627454958	0.6627454958	-0.6627454958	0.6627454958	-0.6627454958	0.6627454958	-0.6627454958	0.6627454958	-0.6627454958	0.6627454958	1.24756788	0.6627454958	1.744747022	0.2757252574	0.9521796648
0.9372124529	-0.9372124529	0.9372124529	-0.9372124529	-0.9372124529	0.9372124529	-0.9372124529	0.9372124529	-0.9372124529	0.9372124529	-0.9372124529	0.9372124529	-0.9372124529	0.9372124529	-0.9372124529	0.9372124529	1.402111417	0.9372124529	1.405499347	1.311787444	-0.7727095228
-0.7953643973	0.7953643973	-0.7953643973	0.7953643973	0.7953643973	-0.7953643973	0.7953643973	-0.7953643973	0.7953643973	-0.7953643973	0.7953643973	-0.7953643973	0.7953643973	-0.7953643973	0.7953643973	-0.7953643973	-0.05720985014	-0.7953643973	1.637175809	0.9680562489	-0.5498653453
0.08923600839	-0.08923600839	0.08923600839	-0.08923600839	-0.08923600839	0.08923600839	-0.08923600839	0.08923600839	-0.08923600839	0.08923600839	-0.08923600839	0.08923600839	-0.08923600839	0.08923600839	-0.08923600839	0.08923600839	-0.06685386672	0.08923600839	1.697215617	0.3444572771	0.4673033195
1.647602398	-1.647602398	1.647602398	-1.647602398	-1.647602398	1.647602398	-1.647602398	1.647602398	-1.647602398	1.647602398	-1.647602398	1.647602398	-1.647602398	1.647602398	-1.647602398	1.647602398	2.462211324	1.647602398	1.543059643	-0.03391531543	0.6518209718
-2.008926875	2.008926875	-2.008926875	2.008926875	2.008926875	-2.008926875	2.008926875	-2.008926875	2.008926875	-2.008926875	2.008926875	-2.008926875	2.008926875	-2.008926875	2.008926875	-2.008926875	-0.9499429854	-2.008926875	1.061570825	-1.406339905	0.7490132573
0.08656303994	-0.08656303994	0.08656303994	-0.08656303994	-0.08656303994	0.08656303994	-0.08656303994	0.08656303994	-0.08656303994	0.08656303994	-0.08656303994	0.08656303994	-0.08656303994	0.08656303994	-0.08656303994	0.08656303994	0.1030338662	0.08656303994	1.043525744	-2.363287329	2.071823845
1.866727621	-1.866727621	1.866727621	-1.866727621	-1.866727621	1.866727621	-1.866727621	1.866727621	-1.866727621	1.866727621	-1.866727621	1.866727621	-1.866727621	1.866727621	-1.866727621	1.866727621	1.405450634	1.866727621	0.6643955653	-1.239261952	0.3174844169
-0.4087289215	0.4087289215	-0.4087289215	0.4087289215	0.4087289215	-0.4087289215	0.4087289215	-0.4087289215	0.4087289215	-0.4087289215	0.4087289215	-0.4087289215	0.4087289215	-0.4087289215	0.4087289215	-0.4087289215	-0.4644659989	-0.4087289215	1.282130809	-0.6140745541	0.05251165112
-0.2075807943	0.2075807943	-0.2075807943	0.2075807943	0.2075807943	-0.2075807943	0.2075807943	-0.2075807943	0.2075807943	-0.2075807943	0.2075807943	-0.2075807943	0.2075807943	-0.2075807943	0.2075807943	-0.2075807943	0.2477298116	-0.2075807943	1.498574748	-0.9726067444	0.8532504054
0.3259741083	-0.3259741083	0.3259741083	-0.3259741083	-0.3259741083	0.3259741083	-0.3259741083	0.3259741083	-0.3259741083	0.3259741083	-0.3259741083	0.3259741083	-0.3259741083	0.3259741083	-0.3259741083	0.3259741083	0.0131406528	0.3259741083	1.085410439	-0.5069894262	-0.1653250721
1.252564358	-1.252564358	1.252564358	-1.252564358	-1.252564358	1.252564358	-1.252564358	1.252564358	-1.252564358	1.252564358	-1.252564358	1.252564358	-1.252564358	1.252564358	-1.252564358	1.252564358	1.094111241	1.252564358	1.24939656	-0.3387288072	0.2853808547
-1.039216362	1.039216362	-1.039216362	1.039216362	1.039216362	-1.039216362	1.039216362	-1.039216362	1.039216362	-1.039216362	1.039216362	-1.039216362	1.039216362	-1.039216362	1.039216362	-1.039216362	-0.4096167468	-1.039216362	1.305186301	-0.3785135761	-0.3878807538
0.2756092239	-0.2756092239	0.2756092239	-0.2756092239	-0.2756092239	0.2756092239	-0.2756092239	0.2756092239	-0.2756092239	0.2756092239	-0.2756092239	0.2756092239	-0.2756092239	0.2756092239	-0.2756092239	0.2756092239	0.1358911886	0.2756092239	1.337026835	-1.319956945	1.24110606
1.753251383	-1.753251383	1.753251383	-1.753251383	-1.753251383	1.753251383	-1.753251383	1.753251383	-1.753251383	1.753251383	-1.753251383	1.753251383	-1.753251383	1.753251383	-1.753251383	1.753251383	2.108110216	1.753251383	1.22724215	-0.9664931394	0.6540590734
2.875845326	-2.875845326	2.875845326	-2.875845326	-2.875845326	2.875845326	-2.875845326	2.875845326	-2.875845326	2.875845326	-2.875845326	2.875845326	-2.875845326	2.875845326	-2.875845326	2.875845326	5.426026036	2.875845326	0.5297350571	-0.586094092	-0.4844364725
1.050053301	-1.050053301	1.050053301	-1.050053301	-1.050053301	1.050053301	-1.050053301	1.050053301	-1.050053301	1.050053301	-1.050053301	1.050053301	-1.050053301	1.050053301	-1.050053301	1.050053301	1.843451618	1.050053301	0.608786935	0.09912924932	-0.5276318735
-0.7709106065	0.7709106065	-0.7709106065	0.7709106065	0.7709106065	-0.7709106065	0.7709106065	-0.7709106065	0.7709106065	-0.7709106065	0.7709106065	-0.7709106065	0.7709106065	-0.7709106065	0.7709106065	-0.7709106065	0.296380685	-0.7709106065	1.51738179	-1.215866557	1.278123893
-1.500636424	1.500636424	-1.500636424	1.500636424	1.500636424	-1.500636424	1.500636424	-1.500636424	1.500636424	-1.500636424	1.500636424	-1.500636424	1.500636424	-1.500636424	1.500636424	-1.500636424	-0.5324250907	-1.500636424	1.247780887	-1.83756274	1.422016635
-1.39335585	1.39335585	-1.39335585	1.39335585	1.39335585	-1.39335585	1.39335585	-1.39335585	1.39335585	-1.39335585	1.39335585	-1.39335585	1.39335585	-1.39335585	1.39335585	-1.39335585	-0.4449818751	-1.39335585	1.144941009	-1.630255947	1.154257506
-1.049422955	1.049422955	-1.049422955	1.049422955	1.049422955	-1.049422955	1.049422955	-1.049422955	1.049422955	-1.049422955	1.049422955	-1.049422955	1.049422955	-1.049422955	1.049422955	-1.049422955	-0.8599069698	-1.049422955	1.002184769	-1.618136218	1.122642099
-0.2189068077	0.2189068077	-0.2189068077	0.2189068077	0.2189068077	-0.2189068077	0.2189068077	-0.2189068077	0.2189068077	-0.2189068077	0.2189068077	-0.2189068077	0.2189068077	-0.2189068077	0.2189068077	-0.2189068077	0.3566380792	-0.2189068077	0.9472507751	-1.519014969	0.6069328149
-0.5488414428	0.5488414428	-0.5488414428	0.5488414428	0.5488414428	-0.5488414428	0.5488414428	-0.5488414428	0.5488414428	-0.5488414428	0.5488414428	-0.5488414428	0.5488414428	-0.5488414428	0.5488414428	-0.5488414428	-0.7450104592	-0.5488414428	0.7101044744	-0.8180151015	-0.8330284725
0.3989400423	-0.3989400423	0.3989400423	-0.3989400423	-0.3989400423	0.3989400423	-0.3989400423	0.3989400423	-0.3989400423	0.3989400423	-0.3989400423	0.3989400423	-0.3989400423	0.3989400423	-0.3989400423	0.3989400423	0.1365587886	0.3989400423	0.9115791916	-1.67524992	0.633900057
1.511259388	-1.511259388	1.511259388	-1.511259388	-1.511259388	1.511259388	-1.511259388	1.511259388	-1.511259388	1.511259388	-1.511259388	1.511259388	-1.511259388	1.511259388	-1.511259388	1.511259388	1.764549076	1.511259388	0.8496875838	-0.9752678177	-0.3164329983
1.640162491	-1.640162491	1.640162491	-1.640162491	-1.640162491	1.640162491	-1.640162491	1.640162491	-1.640162491	1.640162491	-1.640162491	1.640162491	-1.640162491	1.640162491	-1.640162491	1.640162491	1.922688317	1.640162491	0.6303833572	-1.10389338	-0.5100720193
0.8432930765	-0.8432930765	0.8432930765	-0.8432930765	-0.8432930765	0.8432930765	-0.8432930765	0.8432930765	-0.8432930765	0.8432930765	-0.8432930765	0.8432930765	-0.8432930765	0.8432930765	-0.8432930765	0.8432930765	1.41237892	0.8432930765	0.6782490585	-1.424937544	-0.5128761326
-0.8970820991	0.8970820991	-0.8970820991	0.8970820991	0.8970820991	-0.8970820991	0.8970820991	-0.8970820991	0.8970820991	-0.8970820991	0.8970820991	-0.8970820991	0.8970820991	-0.8970820991	0.8970820991	-0.8970820991	-0.3383654025	-0.8970820991	0.9329167472	-1.913819656	0.609758738
-1.315483219	1.315483219	-1.315483219	1.315483219	1.315483219	-1.315483219	1.315483219	-1.315483219	1.315483219	-1.315483219	1.315483219	-1.315483219	1.315483219	-1.315483219	1.315483219	-1.315483219	-0.7777029045	-1.315483219	1.025031995	-2.080777603	1.2115818
-1.114460283	1.114460283	-1.114460283	1.114460283	1.114460283	-1.114460283	1.114460283	-1.114460283	1.114460283	-1.114460283	1.114460283	-1.114460283	1.114460283	-1.114460283	1.114460283	-1.114460283	-0.7603382264	-1.114460283	1.011681732	-1.891281187	1.335050911
1.593345692	-1.593345692	1.593345692	-1.593345692	-1.593345692	1.593345692	-1.593345692	1.593345692	-1.593345692	1.593345692	-1.593345692	1.593345692	-1.593345692	1.593345692	-1.593345692	1.593345692	1.233961662	1.593345692	0.5853859135	-1.306837391	0.4459853932
2.413300812	-2.413300812	2.413300812	-2.413300812	-2.413300812	2.413300812	-2.413300812	2.413300812	-2.413300812	2.413300812	-2.413300812	2.413300812	-2.413300812	2.413300812	-2.413300812	2.413300812	2.734793525	2.413300812	0.2404096501	0.2757243729	-1.193260779
-0.2145831731	0.2145831731	-0.2145831731	0.2145831731	0.2145831731	-0.2145831731	0.2145831731	-0.2145831731	0.2145831731	-0.2145831731	0.2145831731	-0.2145831731	0.2145831731	-0.2145831731	0.2145831731	-0.2145831731	0.4198675998	-0.2145831731	0.6377567949	-0.5551973685	-1.1813413
-0.521169403	0.521169403	-0.521169403	0.521169403	0.521169403	-0.521169403	0.521169403	-0.521169403	0.521169403	-0.521169403	0.521169403	-0.521169403	0.521169403	-0.521169403	0.521169403	-0.521169403	0.1768237545	-0.521169403	0.5058113656	-1.4604104	-0.3055076197
-1.231813621	1.231813621	-1.231813621	1.231813621	1.231813621	-1.231813621	1.231813621	-1.231813621	1.231813621	-1.231813621	1.231813621	-1.231813621	1.231813621	-1.231813621	1.231813621	-1.231813621	-0.4932999685	-1.231813621	0.6034035719	-1.694787091	0.0461760435
-1.286574514	1.286574514	-1.286574514	1.286574514	1.286574514	-1.286574514	1.286574514	-1.286574514	1.286574514	-1.286574514	1.286574514	-1.286574514	1.286574514	-1.286574514	1.286574514	-1.286574514	-0.9917289254	-1.286574514	0.7409793855	-2.058573366	1.269132379
-0.8686776535	0.8686776535	-0.8686776535	0.8686776535	0.8686776535	-0.8686776535	0.8686776535	-0.8686776535	0.8686776535	-0.8686776535	0.8686776535	-0.8686776535	0.8686776535	-0.8686776535	0.8686776535	-0.8686776535	-1.388459828	-0.8686776535	0.5117539479	-1.806110587	0.6464115387
-0.3178234419	0.3178234419	-0.3178234419	0.3178234419	0.3178234419	-0.3178234419	0.3178234419	-0.3178234419	0.3178234419	-0.3178234419	0.3178234419	-0.3178234419	0.3178234419	-0.3178234419	0.3178234419	-0.3178234419	-0.626607247	-0.3178234419	0.2635869242	-1.596670714	-0.1528826967
0.6830478062	-0.6830478062	0.6830478062	-0.6830478062	-0.6830478062	0.6830478062	-0.6830478062	0.6830478062	-0.6830478062	0.6830478062	-0.6830478062	0.6830478062	-0.6830478062	0.6830478062	-0.6830478062	0.6830478062	0.3881915684	0.6830478062	-0.06376976781	-1.325577646	-0.6634245608
0.6077931031	-0.6077931031	0.6077931031	-0.6077931031	-0.6077931031	0.6077931031	-0.6077931031	0.6077931031	-0.6077931031	0.6077931031	-0.6077931031	0.6077931031	-0.6077931031	0.6077931031	-0.6077931031	0.6077931031	0.509100931	0.6077931031	0.02505022971	-0.7231886648	-1.455311255
-0.7389002269	0.7389002269	-0.7389002269	0.7389002269	0.7389002269	-0.7389002269	0.7389002269	-0.7389002269	0.7389002269	-0.7389002269	0.7389002269	-0.7389002269	0.7389002269	-0.7389002269	0.7389002269	-0.7389002269	-0.9360143294	-0.7389002269	0.2108671339	-1.017632935	-1.423015077
-0.2796761971	0.2796761971	-0.2796761971	0.2796761971	0.2796761971	-0.2796761971	0.2796761971	-0.2796761971	0.2796761971	-0.2796761971	0.2796761971	-0.2796761971	0.2796761971	-0.2796761971	0.2796761971	-0.2796761971	-0.6610883242	-0.2796761971	0.3264063825	-1.392951147	-0.4873980443
0.08849630428	-0.08849630428	0.08849630428	-0.08849630428	-0.08849630428	0.08849630428	-0.08849630428	0.08849630428	-0.08849630428	0.08849630428	-0.08849630428	0.08849630428	-0.08849630428	0.08849630428	-0.08849630428	0.08849630428	-0.08108344996	0.08849630428	0.3099410875	-1.486496101	-0.5860435097
0.01575532594	-0.01575532594	0.01575532594	-0.01575532594	-0.01575532594	0.01575532594	-0.01575532594	0.01575532594	-0.01575532594	0.01575532594	-0.01575532594	0.01575532594	-0.01575532594	0.01575532594	-0.01575532594	0.01575532594	-0.2306715875	0.01575532594	0.2827530814	-1.485163316	-0.5083707536
0.8520702295	-0.8520702295	0.8520702295	-0.8520702295	-0.8520702295	0.8520702295	-0.8520702295	0.8520702295	-0.8520702295	0.8520702295	-0.8520702295	0.8520702295	-0.8520702295	0.8520702295	-0.8520702295	0.8520702295	0.2582649353	0.8520702295	-0.1676364456	-1.033023764	-1.281849774
0.8210523806	-0.8210523806	0.8210523806	-0.8210523806	-0.8210523806	0.8210523806	-0.8210523806	0.8210523806	-0.8210523806	0.8210523806	-0.8210523806	0.8210523806	-0.8210523806	0.8210523806	-0.8210523806	0.8210523806	0.4449638075	0.8210523806	0.1758930309	-1.094722047	-1.142956982
-1.16139097	1.16139097	-1.16139097	1.16139097	1.16139097	-1.16139097	1.16139097	-1.16139097	1.16139097	-1.16139097	1.16139097	-1.16139097	1.16139097	-1.16139097	1.16139097	-1.16139097	-1.253583044	-1.16139097	0.1540869461	-1.032712379	-1.236113301
-0.09545218225	0.09545218225	-0.09545218225	0.09545218225	0.09545218225	-0.09545218225	0.09545218225	-0.09545218225	0.09545218225	-0.09545218225	0.09545218225	-0.09545218225	0.09545218225	-0.09545218225	0.09545218225	-0.09545218225	-0.5250392943	-0.09545218225	0.4037279231	-1.87311072	0.4879079949
0.6125162698	-0.6125162698	0.6125162698	-0.6125162698	-0.6125162698	0.6125162698	-0.6125162698	0.6125162698	-0.6125162698	0.6125162698	-0.6125162698	0.6125162698	-0.6125162698	0.6125162698	-0.6125162698	0.6125162698	0.1587984965	0.6125162698	0.03256375907	-1.200271369	-0.2378121759
0.2603309633	-0.2603309633	0.2603309633	-0.2603309633	-0.2603309633	0.2603309633	-0.2603309633	0.2603309633	-0.2603309633	0.2603309633	-0.2603309633	0.2603309633	-0.2603309633	0.2603309633	-0.2603309633	0.2603309633	-0.06175932722	0.2603309633	0.05579096098	-0.4578141696	-0.8998167821
-0.5694391955	0.5694391955	-0.5694391955	0.5694391955	0.5694391955	-0.5694391955	0.5694391955	-0.5694391955	0.5694391955	-0.5694391955	0.5694391955	-0.5694391955	0.5694391955	-0.5694391955	0.5694391955	-0.5694391955	-0.9743385229	-0.5694391955	0.145493383	-0.4585879926	-0.9314364549
0.1620351031	-0.1620351031	0.1620351031	-0.1620351031	-0.1620351031	0.1620351031	-0.1620351031	0.1620351031	-0.1620351031	0.1620351031	-0.1620351031	0.1620351031	-0.1620351031	0.1620351031	-0.1620351031	0.1620351031	-0.4278379854	0.1620351031	0.464903818	-0.9887312833	0.114574403
1.629946168	-1.629946168	1.629946168	-1.629946168	-1.629946168	1.629946168	-1.629946168	1.629946168	-1.629946168	1.629946168	-1.629946168	1.629946168	-1.629946168	1.629946168	-1.629946168	1.629946168	1.211645418	1.629946168	-0.1499071095	-0.1600403649	-0.8609373066
0.9629018494	-0.9629018494	0.9629018494	-0.9629018494	-0.9629018494	0.9629018494	-0.9629018494	0.9629018494	-0.9629018494	0.9629018494	-0.9629018494	0.9629018494	-0.9629018494	0.9629018494	-0.9629018494	0.9629018494	0.8083972055	0.9629018494	0.2318562633	0.4921207559	-1.105559044
-1.281029536	1.281029536	-1.281029536	1.281029536	1.281029536	-1.281029536	1.281029536	-1.281029536	1.281029536	-1.281029536	1.281029536	-1.281029536	1.281029536	-1.281029536	1.281029536	-1.281029536	-0.9426942756	-1.281029536	0.4708377346	-0.4099442292	-0.7758708963
-1.166382216	1.166382216	-1.166382216	1.166382216	1.166382216	-1.166382216	1.166382216	-1.166382216	1.166382216	-1.166382216	1.166382216	-1.166382216	1.166382216	-1.166382216	1.166382216	-1.166382216	-0.7714168546	-1.166382216	0.6392304014	-0.9776556079	0.3936415423
0.6087349083	-0.6087349083	0.6087349083	-0.6087349083	-0.6087349083	0.6087349083	-0.6087349083	0.6087349083	-0.6087349083	0.6087349083	-0.6087349083	0.6087349083	-0.6087349083	0.6087349083	-0.6087349083	0.6087349083	0.4711640621	0.6087349083	0.2650170409	-1.244307087	0.7306070745
0.3235166359	-0.3235166359	0.3235166359	-0.3235166359	-0.3235166359	0.3235166359	-0.3235166359	0.3235166359	-0.3235166359	0.3235166359	-0.3235166359	0.3235166359	-0.3235166359	0.3235166359	-0.3235166359	0.3235166359	-0.04227798083	0.3235166359	-0.09231537614	0.142535414	-0.8734904674
-0.2042056706	0.2042056706	-0.2042056706	0.2042056706	0.2042056706	-0.2042056706	0.2042056706	-0.2042056706	0.2042056706	-0.2042056706	0.2042056706	-0.2042056706	0.2042056706	-0.2042056706	0.2042056706	-0.2042056706	-0.5799051669	-0.2042056706	0.5725329274	0.4098909958	-0.05983537734
-0.156091969	0.156091969	-0.156091969	0.156091969	0.156091969	-0.156091969	0.156091969	-0.156091969	0.156091969	-0.156091969	0.156091969	-0.156091969	0.156091969	-0.156091969	0.156091969	-0.156091969	-0.2712277746	-0.156091969	0.3021401505	0.6567042645	-0.5387618513
1.171436502	-1.171436502	1.171436502	-1.171436502	-1.171436502	1.171436502	-1.171436502	1.171436502	-1.171436502	1.171436502	-1.171436502	1.171436502	-1.171436502	1.171436502	-1.171436502	1.171436502	0.8217610438	1.171436502	0.5944349897	-0.08087393086	0.43944724
-0.7273492996	0.7273492996	-0.7273492996	0.7273492996	0.7273492996	-0.7273492996	0.7273492996	-0.7273492996	0.7273492996	-0.7273492996	0.7273492996	-0.7273492996	0.7273492996	-0.7273492996	0.7273492996	-0.7273492996	-0.693200924	-0.7273492996	0.131763675	1.098917006	-1.234828587
-0.05098584283	0.05098584283	-0.05098584283	0.05098584283	0.05098584283	-0.05098584283	0.05098584283	-0.05098584283	0.05098584283	-0.05098584283	0.05098584283	-0.05098584283	0.05098584283	-0.05098584283	0.05098584283	-0.05098584283	-0.2070623762	-0.05098584283	0.2044109852	0.2262353474	-0.6825667577
0.6523640716	-0.6523640716	0.6523640716	-0.6523640716	-0.6523640716	0.6523640716	-0.6523640716	0.6523640716	-0.6523640716	0.6523640716	-0.6523640716	0.6523640716	-0.6523640716	0.6523640716	-0.6523640716	0.6523640716	0.5966648573	0.6523640716	0.06581397134	0.4494949346	-1.00160831
-0.1765794626	0.1765794626	-0.1765794626	0.1765794626	0.1765794626	-0.1765794626	0.1765794626	-0.1765794626	0.1765794626	-0.1765794626	0.1765794626	-0.1765794626	0.1765794626	-0.1765794626	0.1765794626	-0.1765794626	-0.07486032657	-0.1765794626	0.1702033474	1.013066837	-1.341675074
-0.4134440187	0.4134440187	-0.4134440187	0.4134440187	0.4134440187	-0.4134440187	0.4134440187	-0.4134440187	0.4134440187	-0.4134440187	0.4134440187	-0.4134440187	0.4134440187	-0.4134440187	0.4134440187	-0.4134440187	-0.6575842256	-0.4134440187	0.0889069073	0.3672640028	-1.080736608
0.2956516057	-0.2956516057	0.2956516057	-0.2956516057	-0.2956516057	0.2956516057	-0.2956516057	0.2956516057	-0.2956516057	0.2956516057	-0.2956516057	0.2956516057	-0.2956516057	0.2956516057	-0.2956516057	0.2956516057	0.1132620681	0.2956516057	0.04258127563	0.2242716438	-0.9344551122
1.373457288	-1.373457288	1.373457288	-1.373457288	-1.373457288	1.373457288	-1.373457288	1.373457288	-1.373457288	1.373457288	-1.373457288	1.373457288	-1.373457288	1.373457288	-1.373457288	1.373457288	1.130006922	1.373457288	0.4677132939	0.3327040759	-0.3451662954
-0.9048451853	0.9048451853	-0.9048451853	0.9048451853	0.9048451853	-0.9048451853	0.9048451853	-0.9048451853	0.9048451853	-0.9048451853	0.9048451853	-0.9048451853	0.9048451853	-0.9048451853	0.9048451853	-0.9048451853	-0.9286645314	-0.9048451853	0.1658459049	0.9792252845	-1.087426161
-0.2943996966	0.2943996966	-0.2943996966	0.2943996966	0.2943996966	-0.2943996966	0.2943996966	-0.2943996966	0.2943996966	-0.2943996966	0.2943996966	-0.2943996966	0.2943996966	-0.2943996966	0.2943996966	-0.2943996966	-0.0974532577	-0.2943996966	0.3331260659	0.09755736322	-0.1662354595
0.8319361141	-0.8319361141	0.8319361141	-0.8319361141	-0.8319361141	0.8319361141	-0.8319361141	0.8319361141	-0.8319361141	0.8319361141	-0.8319361141	0.8319361141	-0.8319361141	0.8319361141	-0.8319361141	0.8319361141	0.2927377043	0.8319361141	-0.09618106569	1.180264997	-0.3963048835
0.7192646552	-0.7192646552	0.7192646552	-0.7192646552	-0.7192646552	0.7192646552	-0.7192646552	0.7192646552	-0.7192646552	0.7192646552	-0.7192646552	0.7192646552	-0.7192646552	0.7192646552	-0.7192646552	0.7192646552	0.985005457	0.7192646552	0.3353573713	2.13954286	-0.4049680613
-1.363502244	1.363502244	-1.363502244	1.363502244	1.363502244	-1.363502244	1.363502244	-1.363502244	1.363502244	-1.363502244	1.363502244	-1.363502244	1.363502244	-1.363502244	1.363502244	-1.363502244	-0.7400631671	-1.363502244	0.7767526751	2.139758817	-0.380640539
0.05267875942	-0.05267875942	0.05267875942	-0.05267875942	-0.05267875942	0.05267875942	-0.05267875942	0.05267875942	-0.05267875942	0.05267875942	-0.05267875942	0.05267875942	-0.05267875942	0.05267875942	-0.05267875942	0.05267875942	0.08681397667	0.05267875942	0.6822559435	0.02689569115	0.6569421764
1.402880541	-1.402880541	1.402880541	-1.402880541	-1.402880541	1.402880541	-1.402880541	1.402880541	-1.402880541	1.402880541	-1.402880541	1.402880541	-1.402880541	1.402880541	-1.402880541	1.402880541	1.21326327	1.402880541	0.3203067318	0.5373131787	0.0608331797
-0.08000894531	0.08000894531	-0.08000894531	0.08000894531	0.08000894531	-0.08000894531	0.08000894531	-0.08000894531	0.08000894531	-0.08000894531	0.08000894531	-0.08000894531	0.08000894531	-0.08000894531	0.08000894531	-0.08000894531	-0.1624753536	-0.08000894531	0.2851431565	1.214751593	-0.5260869362
-1.156715493	1.156715493	-1.156715493	1.156715493	1.156715493	-1.156715493	1.156715493	-1.156715493	1.156715493	-1.156715493	1.156715493	-1.156715493	1.156715493	-1.156715493	1.156715493	-1.156715493	-1.133330792	-1.156715493	0.2004288055	1.25962458	-1.014627154
-0.4128013064	0.4128013064	-0.4128013064	0.4128013064	0.4128013064	-0.4128013064	0.4128013064	-0.4128013064	0.4128013064	-0.4128013064	0.4128013064	-0.4128013064	0.4128013064	-0.4128013064	0.4128013064	-0.4128013064	-0.2465908183	-0.4128013064	0.1832479808	0.4739105183	-0.8882174405
1.447516538	-1.447516538	1.447516538	-1.447516538	-1.447516538	1.447516538	-1.447516538	1.447516538	-1.447516538	1.447516538	-1.447516538	1.447516538	-1.447516538	1.447516538	-1.447516538	1.447516538	1.20061934	1.447516538	0.2010533806	0.09974081763	0.04844269811
-0.3430400833	0.3430400833	-0.3430400833	0.3430400833	0.3430400833	-0.3430400833	0.3430400833	-0.3430400833	0.3430400833	-0.3430400833	0.3430400833	-0.3430400833	0.3430400833	-0.3430400833	0.3430400833	-0.3430400833	-0.1885635369	-0.3430400833	0.3858997491	0.9284282743	-0.7623985567
-0.5113372408	0.5113372408	-0.5113372408	0.5113372408	0.5113372408	-0.5113372408	0.5113372408	-0.5113372408	0.5113372408	-0.5113372408	0.5113372408	-0.5113372408	0.5113372408	-0.5113372408	0.5113372408	-0.5113372408	-0.4603023671	-0.5113372408	0.1404880197	0.200200023	-0.8323533464
0.3098884834	-0.3098884834	0.3098884834	-0.3098884834	-0.3098884834	0.3098884834	-0.3098884834	0.3098884834	-0.3098884834	0.3098884834	-0.3098884834	0.3098884834	-0.3098884834	0.3098884834	-0.3098884834	0.3098884834	-0.3605961701	0.3098884834	0.153806523	-0.1412427895	-0.5625037498
1.485518713	-1.485518713	1.485518713	-1.485518713	-1.485518713	1.485518713	-1.485518713	1.485518713	-1.485518713	1.485518713	-1.485518713	1.485518713	-1.485518713	1.485518713	-1.485518713	1.485518713	1.572941999	1.485518713	0.1403907293	0.7346409435	-0.5992461476
-1.256736935	1.256736935	-1.256736935	1.256736935	1.256736935	-1.256736935	1.256736935	-1.256736935	1.256736935	-1.256736935	1.256736935	-1.256736935	1.256736935	-1.256736935	1.256736935	-1.256736935	-0.721960956	-1.256736935	0.1436060939	1.132734207	-1.612441524
-0.3478167337	0.3478167337	-0.3478167337	0.3478167337	0.3478167337	-0.3478167337	0.3478167337	-0.3478167337	0.3478167337	-0.3478167337	0.3478167337	-0.3478167337	0.3478167337	-0.3478167337	0.3478167337	-0.3478167337	-0.5378326537	-0.3478167337	0.3557830368	0.1276281617	-0.3013081693
1.92571392	-1.92571392	1.92571392	-1.92571392	-1.92571392	1.92571392	-1.92571392	1.92571392	-1.92571392	1.92571392	-1.92571392	1.92571392	-1.92571392	1.92571392	-1.92571392	1.92571392	1.71968664	1.92571392	0.217008922	0.5911074076	-0.3830360498
1.957955193	-1.957955193	1.957955193	-1.957955193	-1.957955193	1.957955193	-1.957955193	1.957955193	-1.957955193	1.957955193	-1.957955193	1.957955193	-1.957955193	1.957955193	-1.957955193	1.957955193	2.457430946	1.957955193	-0.0870015312	0.2129012954	-1.51474731
1.993697395	-1.993697395	1.993697395	-1.993697395	-1.993697395	1.993697395	-1.993697395	1.993697395	-1.993697395	1.993697395	-1.993697395	1.993697395	-1.993697395	1.993697395	-1.993697395	1.993697395	2.060981298	1.993697395	0.236193695	1.491864378	-0.8721586277
-1.681915778	1.681915778	-1.681915778	1.681915778	1.681915778	-1.681915778	1.681915778	-1.681915778	1.681915778	-1.681915778	1.681915778	-1.681915778	1.681915778	-1.681915778	1.681915778	-1.681915778	-0.157191673	-1.681915778	1.174801697	2.801158994	-0.7430023596
-1.306715545	1.306715545	-1.306715545	1.306715545	1.306715545	-1.306715545	1.306715545	-1.306715545	1.306715545	-1.306715545	1.306715545	-1.306715545	1.306715545	-1.306715545	1.306715545	-1.306715545	-0.3017559982	-1.306715545	1.134961147	1.91889103	0.4234732177
-0.5259809136	0.5259809136	-0.5259809136	0.5259809136	0.5259809136	-0.5259809136	0.5259809136	-0.5259809136	0.5259809136	-0.5259809136	0.5259809136	-0.5259809136	0.5259809136	-0.5259809136	0.5259809136	-0.5259809136	0.396203509	-0.5259809136	0.8507821483	1.851521635	0.1171383952
-0.8393413538	0.8393413538	-0.8393413538	0.8393413538	0.8393413538	-0.8393413538	0.8393413538	-0.8393413538	0.8393413538	-0.8393413538	0.8393413538	-0.8393413538	0.8393413538	-0.8393413538	0.8393413538	-0.8393413538	-0.1507696656	-0.8393413538	0.448548606	1.533215785	-0.319860548
-1.030820446	1.030820446	-1.030820446	1.030820446	1.030820446	-1.030820446	1.030820446	-1.030820446	1.030820446	-1.030820446	1.030820446	-1.030820446	1.030820446	-1.030820446	1.030820446	-1.030820446	-0.6776663129	-1.030820446	0.006099020446	1.290840826	-0.4802478965
-0.7243954781	0.7243954781	-0.7243954781	0.7243954781	0.7243954781	-0.7243954781	0.7243954781	-0.7243954781	0.7243954781	-0.7243954781	0.7243954781	-0.7243954781	0.7243954781	-0.7243954781	0.7243954781	-0.7243954781	-0.9743210026	-0.7243954781	-0.6642655073	0.09818389351	-0.8225141094
-0.3249939508	0.3249939508	-0.3249939508	0.3249939508	0.3249939508	-0.3249939508	0.3249939508	-0.3249939508	0.3249939508	-0.3249939508	0.3249939508	-0.3249939508	0.3249939508	-0.3249939508	0.3249939508	-0.3249939508	-0.9327374478	-0.3249939508	-0.7508013403	-0.9304782337	-0.4998702144
-0.6671008839	0.6671008839	-0.6671008839	0.6671008839	0.6671008839	-0.6671008839	0.6671008839	-0.6671008839	0.6671008839	-0.6671008839	0.6671008839	-0.6671008839	0.6671008839	-0.6671008839	0.6671008839	-0.6671008839	-0.4450296534	-0.6671008839	-0.8113398999	-0.9515777891	-0.724108997
0.6135207221	-0.6135207221	0.6135207221	-0.6135207221	-0.6135207221	0.6135207221	-0.6135207221	0.6135207221	-0.6135207221	0.6135207221	-0.6135207221	0.6135207221	-0.6135207221	0.6135207221	-0.6135207221	0.6135207221	-0.1280002512	0.6135207221	-0.7601803469	-1.344306441	-0.5308017957
1.661671582	-1.661671582	1.661671582	-1.661671582	-1.661671582	1.661671582	-1.661671582	1.661671582	-1.661671582	1.661671582	-1.661671582	1.661671582	-1.661671582	1.661671582	-1.661671582	1.661671582	1.555175024	1.661671582	-0.9563848877	-1.227094956	-0.9497179347
-1.125046102	1.125046102	-1.125046102	1.125046102	1.125046102	-1.125046102	1.125046102	-1.125046102	1.125046102	-1.125046102	1.125046102	-1.125046102	1.125046102	-1.125046102	1.125046102	-1.125046102	-0.9864343027	-1.125046102	-0.906561176	-0.4233273972	-1.475247048
-1.041424559	1.041424559	-1.041424559	1.041424559	1.041424559	-1.041424559	1.041424559	-1.041424559	1.041424559	-1.041424559	1.041424559	-1.041424559	1.041424559	-1.041424559	1.041424559	-1.041424559	-0.8415437317	-1.041424559	-0.4006570329	-1.661723586	-0.3993705351
0.3775483959	-0.3775483959	0.3775483959	-0.3775483959	-0.3775483959	0.3775483959	-0.3775483959	0.3775483959	-0.3775483959	0.3775483959	-0.3775483959	0.3775483959	-0.3775483959	0.3775483959	-0.3775483959	0.3775483959	-0.1132373258	0.3775483959	-0.7083013711	-1.881285622	-0.4820081448
1.075851132	-1.075851132	1.075851132	-1.075851132	-1.075851132	1.075851132	-1.075851132	1.075851132	-1.075851132	1.075851132	-1.075851132	1.075851132	-1.075851132	1.075851132	-1.075851132	1.075851132	0.8143458321	1.075851132	-1.173968698	-1.113353086	-1.210850043
-1.321676579	1.321676579	-1.321676579	1.321676579	1.321676579	-1.321676579	1.321676579	-1.321676579	1.321676579	-1.321676579	1.321676579	-1.321676579	1.321676579	-1.321676579	1.321676579	-1.321676579	-1.090497938	-1.321676579	-0.6702724583	-1.55666491	-1.412686332
-0.347241528	0.347241528	-0.347241528	0.347241528	0.347241528	-0.347241528	0.347241528	-0.347241528	0.347241528	-0.347241528	0.347241528	-0.347241528	0.347241528	-0.347241528	0.347241528	-0.347241528	-0.5571873356	-0.347241528	-0.4717327335	-1.933130882	-0.7566662715
-0.005412783118	0.005412783118	-0.005412783118	0.005412783118	0.005412783118	-0.005412783118	0.005412783118	-0.005412783118	0.005412783118	-0.005412783118	0.005412783118	-0.005412783118	0.005412783118	-0.005412783118	0.005412783118	-0.005412783118	-0.8825514416	-0.005412783118	-0.3399390375	-0.6779818022	-1.212090186
1.398544069	-1.398544069	1.398544069	-1.398544069	-1.398544069	1.398544069	-1.398544069	1.398544069	-1.398544069	1.398544069	-1.398544069	1.398544069	-1.398544069	1.398544069	-1.398544069	1.398544069	1.086235154	1.398544069	-0.6157095367	-0.5057965754	-1.421118165
0.3692980877	-0.3692980877	0.3692980877	-0.3692980877	-0.3692980877	0.3692980877	-0.3692980877	0.3692980877	-0.3692980877	0.3692980877	-0.3692980877	0.3692980877	-0.3692980877	0.3692980877	-0.3692980877	0.3692980877	0.513923573	0.3692980877	-0.8761228314	-0.1754183559	-1.903009618
-1.174964333	1.174964333	-1.174964333	1.174964333	1.174964333	-1.174964333	1.174964333	-1.174964333	1.174964333	-1.174964333	1.174964333	-1.174964333	1.174964333	-1.174964333	1.174964333	-1.174964333	-0.786887675	-1.174964333	-0.510512484	-0.6151545506	-1.667688734
-0.5158589869	0.5158589869	-0.5158589869	0.5158589869	0.5158589869	-0.5158589869	0.5158589869	-0.5158589869	0.5158589869	-0.5158589869	0.5158589869	-0.5158589869	0.5158589869	-0.5158589869	0.5158589869	-0.5158589869	-1.209437703	-0.5158589869	-0.2857813382	-1.340975824	-0.6772283893
-0.2059690534	0.2059690534	-0.2059690534	0.2059690534	0.2059690534	-0.2059690534	0.2059690534	-0.2059690534	0.2059690534	-0.2059690534	0.2059690534	-0.2059690534	0.2059690534	-0.2059690534	0.2059690534	-0.2059690534	-0.5767480973	-0.2059690534	-0.674892479	-1.055419904	-1.069829109
-0.5821290256	0.5821290256	-0.5821290256	0.5821290256	0.5821290256	-0.5821290256	0.5821290256	-0.5821290256	0.5821290256	-0.5821290256	0.5821290256	-0.5821290256	0.5821290256	-0.5821290256	0.5821290256	-0.5821290256	-0.6043060929	-0.5821290256	-0.8728483864	-0.6827082217	-1.429970034
1.010529329	-1.010529329	1.010529329	-1.010529329	-1.010529329	1.010529329	-1.010529329	1.010529329	-1.010529329	1.010529329	-1.010529329	1.010529329	-1.010529329	1.010529329	-1.010529329	1.010529329	0.563121604	1.010529329	-0.7833936355	-0.9174219667	-0.9709007401
-0.982575086	0.982575086	-0.982575086	0.982575086	0.982575086	-0.982575086	0.982575086	-0.982575086	0.982575086	-0.982575086	0.982575086	-0.982575086	0.982575086	-0.982575086	0.982575086	-0.982575086	-0.7680518387	-0.982575086	-0.793411118	-0.4670861412	-1.33241452
-0.8237441074	0.8237441074	-0.8237441074	0.8237441074	0.8237441074	-0.8237441074	0.8237441074	-0.8237441074	0.8237441074	-0.8237441074	0.8237441074	-0.8237441074	0.8237441074	-0.8237441074	0.8237441074	-0.8237441074	-0.7616246973	-0.8237441074	-0.4660298746	-1.278298548	-0.385617489
-0.1701681591	0.1701681591	-0.1701681591	0.1701681591	0.1701681591	-0.1701681591	0.1701681591	-0.1701681591	0.1701681591	-0.1701681591	0.1701681591	-0.1701681591	0.1701681591	-0.1701681591	0.1701681591	-0.1701681591	-0.8573877767	-0.1701681591	-0.7836630155	-1.006091864	-0.9762614952
1.589165819	-1.589165819	1.589165819	-1.589165819	-1.589165819	1.589165819	-1.589165819	1.589165819	-1.589165819	1.589165819	-1.589165819	1.589165819	-1.589165819	1.589165819	-1.589165819	1.589165819	1.376695271	1.589165819	-1.080092016	-0.5454443245	-1.011629963
0.6489212668	-0.6489212668	0.6489212668	-0.6489212668	-0.6489212668	0.6489212668	-0.6489212668	0.6489212668	-0.6489212668	0.6489212668	-0.6489212668	0.6489212668	-0.6489212668	0.6489212668	-0.6489212668	0.6489212668	0.784319235	0.6489212668	-1.000824243	-0.2523139458	-1.193231085
-0.7742694836	0.7742694836	-0.7742694836	0.7742694836	0.7742694836	-0.7742694836	0.7742694836	-0.7742694836	0.7742694836	-0.7742694836	0.7742694836	-0.7742694836	0.7742694836	-0.7742694836	0.7742694836	-0.7742694836	-0.6684581402	-0.7742694836	-0.7998581292	-0.279354616	-1.496792881
-1.023795985	1.023795985	-1.023795985	1.023795985	1.023795985	-1.023795985	1.023795985	-1.023795985	1.023795985	-1.023795985	1.023795985	-1.023795985	1.023795985	-1.023795985	1.023795985	-1.023795985	-1.572555462	-1.023795985	-0.519989315	-1.091653502	-0.2841540575
0.2691321249	-0.2691321249	0.2691321249	-0.2691321249	-0.2691321249	0.2691321249	-0.2691321249	0.2691321249	-0.2691321249	0.2691321249	-0.2691321249	0.2691321249	-0.2691321249	0.2691321249	-0.2691321249	0.2691321249	-0.3424124377	0.2691321249	-0.7803711748	-0.8346410125	-0.3376728694
1.965344548	-1.965344548	1.965344548	-1.965344548	-1.965344548	1.965344548	-1.965344548	1.965344548	-1.965344548	1.965344548	-1.965344548	1.965344548	-1.965344548	1.965344548	-1.965344548	1.965344548	2.100341201	1.965344548	-1.162357264	-0.09469188962	-0.9235028817
-0.9280329995	0.9280329995	-0.9280329995	0.9280329995	0.9280329995	-0.9280329995	0.9280329995	-0.9280329995	0.9280329995	-0.9280329995	0.9280329995	-0.9280329995	0.9280329995	-0.9280329995	0.9280329995	-0.9280329995	-0.7858463803	-0.9280329995	-0.9425274479	1.026761024	-1.90661592
-1.258473691	1.258473691	-1.258473691	1.258473691	1.258473691	-1.258473691	1.258473691	-1.258473691	1.258473691	-1.258473691	1.258473691	-1.258473691	1.258473691	-1.258473691	1.258473691	-1.258473691	-1.152684337	-1.258473691	-0.4036676291	-0.1014663144	-1.268261279
0.1180511218	-0.1180511218	0.1180511218	-0.1180511218	-0.1180511218	0.1180511218	-0.1180511218	0.1180511218	-0.1180511218	0.1180511218	-0.1180511218	0.1180511218	-0.1180511218	0.1180511218	-0.1180511218	0.1180511218	-0.7557596965	0.1180511218	-0.2563652549	-0.09233507518	-1.35706544
0.005304076488	-0.005304076488	0.005304076488	-0.005304076488	-0.005304076488	0.005304076488	-0.005304076488	0.005304076488	-0.005304076488	0.005304076488	-0.005304076488	0.005304076488	-0.005304076488	0.005304076488	-0.005304076488	0.005304076488	-0.9361161171	0.005304076488	-0.725957969	0.04068873277	-1.3040181
1.396752464	-1.396752464	1.396752464	-1.396752464	-1.396752464	1.396752464	-1.396752464	1.396752464	-1.396752464	1.396752464	-1.396752464	1.396752464	-1.396752464	1.396752464	-1.396752464	1.396752464	0.840165495	1.396752464	-0.6594422239	0.1588250214	-0.9406220791
-0.8889939633	0.8889939633	-0.8889939633	0.8889939633	0.8889939633	-0.8889939633	0.8889939633	-0.8889939633	0.8889939633	-0.8889939633	0.8889939633	-0.8889939633	0.8889939633	-0.8889939633	0.8889939633	-0.8889939633	-0.8544822727	-0.8889939633	-0.5918867173	0.1611835216	-1.648052314
-0.2557227081	0.2557227081	-0.2557227081	0.2557227081	0.2557227081	-0.2557227081	0.2557227081	-0.2557227081	0.2557227081	-0.2557227081	0.2557227081	-0.2557227081	0.2557227081	-0.2557227081	0.2557227081	-0.2557227081	-1.169461549	-0.2557227081	-0.4430376617	-0.4410496659	-0.8885115972
0.2155490623	-0.2155490623	0.2155490623	-0.2155490623	-0.2155490623	0.2155490623	-0.2155490623	0.2155490623	-0.2155490623	0.2155490623	-0.2155490623	0.2155490623	-0.2155490623	0.2155490623	-0.2155490623	0.2155490623	-0.1072745371	0.2155490623	-0.7612183427	0.01612604747	-1.410385654
0.07995627798	-0.07995627798	0.07995627798	-0.07995627798	-0.07995627798	0.07995627798	-0.07995627798	0.07995627798	-0.07995627798	0.07995627798	-0.07995627798	0.07995627798	-0.07995627798	0.07995627798	-0.07995627798	0.07995627798	-0.1692867376	0.07995627798	-0.7218820325	0.8050083598	-1.564055907
-0.9159169349	0.9159169349	-0.9159169349	0.9159169349	0.9159169349	-0.9159169349	0.9159169349	-0.9159169349	0.9159169349	-0.9159169349	0.9159169349	-0.9159169349	0.9159169349	-0.9159169349	0.9159169349	-0.9159169349	-1.203441889	-0.9159169349	-0.5866250607	-0.03588889986	-1.293395932
-0.258841954	0.258841954	-0.258841954	0.258841954	0.258841954	-0.258841954	0.258841954	-0.258841954	0.258841954	-0.258841954	0.258841954	-0.258841954	0.258841954	-0.258841954	0.258841954	-0.258841954	-1.036028296	-0.258841954	-0.5179503505	-0.5239539204	-0.8460887505
0.6797433324	-0.6797433324	0.6797433324	-0.6797433324	-0.6797433324	0.6797433324	-0.6797433324	0.6797433324	-0.6797433324	0.6797433324	-0.6797433324	0.6797433324	-0.6797433324	0.6797433324	-0.6797433324	0.6797433324	-0.1353184656	0.6797433324	-0.710171858	-0.3186542608	-1.129517816
1.240043797	-1.240043797	1.240043797	-1.240043797	-1.240043797	1.240043797	-1.240043797	1.240043797	-1.240043797	1.240043797	-1.240043797	1.240043797	-1.240043797	1.240043797	-1.240043797	1.240043797	0.9919417539	1.240043797	-0.7843878184	0.2223653635	-1.158209193
-1.177735184	1.177735184	-1.177735184	1.177735184	1.177735184	-1.177735184	1.177735184	-1.177735184	1.177735184	-1.177735184	1.177735184	-1.177735184	1.177735184	-1.177735184	1.177735184	-1.177735184	-1.384523422	-1.177735184	-0.6644279169	0.1269748387	-1.662721151
0.1669430517	-0.1669430517	0.1669430517	-0.1669430517	-0.1669430517	0.1669430517	-0.1669430517	0.1669430517	-0.1669430517	0.1669430517	-0.1669430517	0.1669430517	-0.1669430517	0.1669430517	-0.1669430517	0.1669430517	-0.5172900646	0.1669430517	-0.3937276091	-1.175790692	-0.2829788074
0.8550838763	-0.8550838763	0.8550838763	-0.8550838763	-0.8550838763	0.8550838763	-0.8550838763	0.8550838763	-0.8550838763	0.8550838763	-0.8550838763	0.8550838763	-0.8550838763	0.8550838763	-0.8550838763	0.8550838763	0.1386604216	0.8550838763	-0.9703537459	-0.1272603808	-1.075339919
0.0808156786	-0.0808156786	0.0808156786	-0.0808156786	-0.0808156786	0.0808156786	-0.0808156786	0.0808156786	-0.0808156786	0.0808156786	-0.0808156786	0.0808156786	-0.0808156786	0.0808156786	-0.0808156786	0.0808156786	-0.1398704654	0.0808156786	-0.8345656313	0.5754698729	-1.442772908
-0.6334076152	0.6334076152	-0.6334076152	0.6334076152	0.6334076152	-0.6334076152	0.6334076152	-0.6334076152	0.6334076152	-0.6334076152	0.6334076152	-0.6334076152	0.6334076152	-0.6334076152	0.6334076152	-0.6334076152	-1.727738174	-0.6334076152	-0.6992553788	-0.3878638558	-1.074082769
-0.2935336223	0.2935336223	-0.2935336223	0.2935336223	0.2935336223	-0.2935336223	0.2935336223	-0.2935336223	0.2935336223	-0.2935336223	0.2935336223	-0.2935336223	0.2935336223	-0.2935336223	0.2935336223	-0.2935336223	-0.9641585675	-0.2935336223	-0.9233197302	-0.4612316103	-1.075067152
1.918088901	-1.918088901	1.918088901	-1.918088901	-1.918088901	1.918088901	-1.918088901	1.918088901	-1.918088901	1.918088901	-1.918088901	1.918088901	-1.918088901	1.918088901	-1.918088901	1.918088901	1.239967052	1.918088901	-0.9113135901	0.08882720978	-0.6412495172
-1.044805541	1.044805541	-1.044805541	1.044805541	1.044805541	-1.044805541	1.044805541	-1.044805541	1.044805541	-1.044805541	1.044805541	-1.044805541	1.044805541	-1.044805541	1.044805541	-1.044805541	-0.6642699629	-1.044805541	-0.674542649	0.8172700205	-1.32712429
-1.093528338	1.093528338	-1.093528338	1.093528338	1.093528338	-1.093528338	1.093528338	-1.093528338	1.093528338	-1.093528338	1.093528338	-1.093528338	1.093528338	-1.093528338	1.093528338	-1.093528338	-1.254754447	-1.093528338	-0.5222697094	-0.01657326089	-0.195865111
-0.2490727632	0.2490727632	-0.2490727632	0.2490727632	0.2490727632	-0.2490727632	0.2490727632	-0.2490727632	0.2490727632	-0.2490727632	0.2490727632	-0.2490727632	0.2490727632	-0.2490727632	0.2490727632	-0.2490727632	-0.9942154741	-0.2490727632	-0.9010723295	0.08278255432	-0.3649961719
1.156520224	-1.156520224	1.156520224	-1.156520224	-1.156520224	1.156520224	-1.156520224	1.156520224	-1.156520224	1.156520224	-1.156520224	1.156520224	-1.156520224	1.156520224	-1.156520224	1.156520224	0.6885593869	1.156520224	-0.9964119868	0.6115294602	-0.2955244445
-0.9488502216	0.9488502216	-0.9488502216	0.9488502216	0.9488502216	-0.9488502216	0.9488502216	-0.9488502216	0.9488502216	-0.9488502216	0.9488502216	-0.9488502216	0.9488502216	-0.9488502216	0.9488502216	-0.9488502216	-0.7207777767	-0.9488502216	-0.8293283843	0.8461092616	-1.096174967
-0.9066111323	0.9066111323	-0.9066111323	0.9066111323	0.9066111323	-0.9066111323	0.9066111323	-0.9066111323	0.9066111323	-0.9066111323	0.9066111323	-0.9066111323	0.9066111323	-0.9066111323	0.9066111323	-0.9066111323	-1.030203252	-0.9066111323	-0.733063979	0.002251399633	-0.4493038278
-0.1092092908	0.1092092908	-0.1092092908	0.1092092908	0.1092092908	-0.1092092908	0.1092092908	-0.1092092908	0.1092092908	-0.1092092908	0.1092092908	-0.1092092908	0.1092092908	-0.1092092908	0.1092092908	-0.1092092908	-0.7758321996	-0.1092092908	-0.9098081883	-0.1918232254	-0.7277249361
1.221358878	-1.221358878	1.221358878	-1.221358878	-1.221358878	1.221358878	-1.221358878	1.221358878	-1.221358878	1.221358878	-1.221358878	1.221358878	-1.221358878	1.221358878	-1.221358878	1.221358878	0.502963596	1.221358878	-0.893381985	-0.01383593518	-0.4583730588
-0.01257108367	0.01257108367	-0.01257108367	0.01257108367	0.01257108367	-0.01257108367	0.01257108367	-0.01257108367	0.01257108367	-0.01257108367	0.01257108367	-0.01257108367	0.01257108367	-0.01257108367	0.01257108367	-0.01257108367	-0.1244702539	-0.01257108367	-1.022970379	0.3349040618	-1.099713253
-0.6833670599	0.6833670599	-0.6833670599	0.6833670599	0.6833670599	-0.6833670599	0.6833670599	-0.6833670599	0.6833670599	-0.6833670599	0.6833670599	-0.6833670599	0.6833670599	-0.6833670599	0.6833670599	-0.6833670599	-1.022207433	-0.6833670599	-0.5437249781	-0.5189539323	0.03400619973
0.2011821372	-0.2011821372	0.2011821372	-0.2011821372	-0.2011821372	0.2011821372	-0.2011821372	0.2011821372	-0.2011821372	0.2011821372	-0.2011821372	0.2011821372	-0.2011821372	0.2011821372	-0.2011821372	0.2011821372	-0.2684293433	0.2011821372	-0.9228761169	-0.4292813894	-0.5109922508
1.309730049	-1.309730049	1.309730049	-1.309730049	-1.309730049	1.309730049	-1.309730049	1.309730049	-1.309730049	1.309730049	-1.309730049	1.309730049	-1.309730049	1.309730049	-1.309730049	1.309730049	0.5240624823	1.309730049	-1.126477226	0.1705830876	-0.7232400213
-0.8490958058	0.8490958058	-0.8490958058	0.8490958058	0.8490958058	-0.8490958058	0.8490958058	-0.8490958058	0.8490958058	-0.8490958058	0.8490958058	-0.8490958058	0.8490958058	-0.8490958058	0.8490958058	-0.8490958058	-0.9719715196	-0.8490958058	-0.934773414	0.5613420534	-1.159459051
-0.612868358	0.612868358	-0.612868358	0.612868358	0.612868358	-0.612868358	0.612868358	-0.612868358	0.612868358	-0.612868358	0.612868358	-0.612868358	0.612868358	-0.612868358	0.612868358	-0.612868358	-0.8185663503	-0.612868358	-0.9515798673	-0.2617035009	-0.4776418281
1.72752942	-1.72752942	1.72752942	-1.72752942	-1.72752942	1.72752942	-1.72752942	1.72752942	-1.72752942	1.72752942	-1.72752942	1.72752942	-1.72752942	1.72752942	-1.72752942	1.72752942	1.138930991	1.72752942	-1.001729976	-0.4141968583	0.1263257764
0.2868308745	-0.2868308745	0.2868308745	-0.2868308745	-0.2868308745	0.2868308745	-0.2868308745	0.2868308745	-0.2868308745	0.2868308745	-0.2868308745	0.2868308745	-0.2868308745	0.2868308745	-0.2868308745	0.2868308745	0.1676325495	0.2868308745	-0.9474068847	0.6296177346	-0.8417977326
-1.487616456	1.487616456	-1.487616456	1.487616456	1.487616456	-1.487616456	1.487616456	-1.487616456	1.487616456	-1.487616456	1.487616456	-1.487616456	1.487616456	-1.487616456	1.487616456	-1.487616456	-1.452444642	-1.487616456	-0.7499254956	-0.153764346	-0.02004583691
-0.01715505598	0.01715505598	-0.01715505598	0.01715505598	0.01715505598	-0.01715505598	0.01715505598	-0.01715505598	0.01715505598	-0.01715505598	0.01715505598	-0.01715505598	0.01715505598	-0.01715505598	0.01715505598	-0.01715505598	-0.604394894	-0.01715505598	-0.6616374176	-0.6689505664	0.6966301674
1.696221556	-1.696221556	1.696221556	-1.696221556	-1.696221556	1.696221556	-1.696221556	1.696221556	-1.696221556	1.696221556	-1.696221556	1.696221556	-1.696221556	1.696221556	-1.696221556	1.696221556	1.435377472	1.696221556	-1.07837851	0.4690802144	0.1429786548
-1.073737099	1.073737099	-1.073737099	1.073737099	1.073737099	-1.073737099	1.073737099	-1.073737099	1.073737099	-1.073737099	1.073737099	-1.073737099	1.073737099	-1.073737099	1.073737099	-1.073737099	-1.169749061	-1.073737099	-0.8884996081	0.2976921524	-0.03497770846
-0.6626953416	0.6626953416	-0.6626953416	0.6626953416	0.6626953416	-0.6626953416	0.6626953416	-0.6626953416	0.6626953416	-0.6626953416	0.6626953416	-0.6626953416	0.6626953416	-0.6626953416	0.6626953416	-0.6626953416	-0.7270962928	-0.6626953416	-0.7969028049	-0.5832858182	0.7816931867
0.9628330604	-0.9628330604	0.9628330604	-0.9628330604	-0.9628330604	0.9628330604	-0.9628330604	0.9628330604	-0.9628330604	0.9628330604	-0.9628330604	0.9628330604	-0.9628330604	0.9628330604	-0.9628330604	0.9628330604	0.3891985809	0.9628330604	-1.219277233	-0.1144519069	0.6556244487
-0.2677098739	0.2677098739	-0.2677098739	0.2677098739	0.2677098739	-0.2677098739	0.2677098739	-0.2677098739	0.2677098739	-0.2677098739	0.2677098739	-0.2677098739	0.2677098739	-0.2677098739	0.2677098739	-0.2677098739	-0.5538973751	-0.2677098739	-1.091045894	0.5242888643	0.2963158752
-1.677687408	1.677687408	-1.677687408	1.677687408	1.677687408	-1.677687408	1.677687408	-1.677687408	1.677687408	-1.677687408	1.677687408	-1.677687408	1.677687408	-1.677687408	1.677687408	-1.677687408	-1.298150311	-1.677687408	-1.068580525	0.03449894373	0.4127768592
0.7771278551	-0.7771278551	0.7771278551	-0.7771278551	-0.7771278551	0.7771278551	-0.7771278551	0.7771278551	-0.7771278551	0.7771278551	-0.7771278551	0.7771278551	-0.7771278551	0.7771278551	-0.7771278551	0.7771278551	0.2200933566	0.7771278551	-0.9630956525	-1.20088919	1.727810069
-0.5190323841	0.5190323841	-0.5190323841	0.5190323841	0.5190323841	-0.5190323841	0.5190323841	-0.5190323841	0.5190323841	-0.5190323841	0.5190323841	-0.5190323841	0.5190323841	-0.5190323841	0.5190323841	-0.5190323841	-1.1204961	-0.5190323841	-1.152029644	0.5335540531	0.46737372
-0.8489116005	0.8489116005	-0.8489116005	0.8489116005	0.8489116005	-0.8489116005	0.8489116005	-0.8489116005	0.8489116005	-0.8489116005	0.8489116005	-0.8489116005	0.8489116005	-0.8489116005	0.8489116005	-0.8489116005	-1.430408524	-0.8489116005	-1.104994931	-0.01011232537	0.7755085985
0.1144130342	-0.1144130342	0.1144130342	-0.1144130342	-0.1144130342	0.1144130342	-0.1144130342	0.1144130342	-0.1144130342	0.1144130342	-0.1144130342	0.1144130342	-0.1144130342	0.1144130342	-0.1144130342	0.1144130342	-0.4734796131	0.1144130342	-1.138332616	-0.3720250564	1.121927282
0.9045251489	-0.9045251489	0.9045251489	-0.9045251489	-0.9045251489	0.9045251489	-0.9045251489	0.9045251489	-0.9045251489	0.9045251489	-0.9045251489	0.9045251489	-0.9045251489	0.9045251489	-0.9045251489	0.9045251489	0.941720326	0.9045251489	-1.212452193	0.5349164263	0.8581116932
-1.320930584	1.320930584	-1.320930584	1.320930584	1.320930584	-1.320930584	1.320930584	-1.320930584	1.320930584	-1.320930584	1.320930584	-1.320930584	1.320930584	-1.320930584	1.320930584	-1.320930584	-1.326335224	-1.320930584	-0.9051390023	-0.3689497266	0.8375075678
-0.5335599039	0.5335599039	-0.5335599039	0.5335599039	0.5335599039	-0.5335599039	0.5335599039	-0.5335599039	0.5335599039	-0.5335599039	0.5335599039	-0.5335599039	0.5335599039	-0.5335599039	0.5335599039	-0.5335599039	-1.113871863	-0.5335599039	-0.891433539	-0.9588979752	1.112770828
1.185256746	-1.185256746	1.185256746	-1.185256746	-1.185256746	1.185256746	-1.185256746	1.185256746	-1.185256746	1.185256746	-1.185256746	1.185256746	-1.185256746	1.185256746	-1.185256746	1.185256746	0.8672240811	1.185256746	-1.221955732	0.005718858207	0.935846178
-1.625326548	1.625326548	-1.625326548	1.625326548	1.625326548	-1.625326548	1.625326548	-1.625326548	1.625326548	-1.625326548	1.625326548	-1.625326548	1.625326548	-1.625326548	1.625326548	-1.625326548	-1.019190824	-1.625326548	-1.186442195	0.3575685776	-0.02443048302
-0.454727725	0.454727725	-0.454727725	0.454727725	0.454727725	-0.454727725	0.454727725	-0.454727725	0.454727725	-0.454727725	0.454727725	-0.454727725	0.454727725	-0.454727725	0.454727725	-0.454727725	-0.5543732676	-0.454727725	-0.85583046	-0.8331321474	1.622372854
1.499954492	-1.499954492	1.499954492	-1.499954492	-1.499954492	1.499954492	-1.499954492	1.499954492	-1.499954492	1.499954492	-1.499954492	1.499954492	-1.499954492	1.499954492	-1.499954492	1.499954492	1.313095426	1.499954492	-1.170190815	-0.05363235248	1.50560549
-1.445519589	1.445519589	-1.445519589	1.445519589	1.445519589	-1.445519589	1.445519589	-1.445519589	1.445519589	-1.445519589	1.445519589	-1.445519589	1.445519589	-1.445519589	1.445519589	-1.445519589	-1.101311128	-1.445519589	-1.147795491	0.3027595351	0.3688571983
-0.5327061703	0.5327061703	-0.5327061703	0.5327061703	0.5327061703	-0.5327061703	0.5327061703	-0.5327061703	0.5327061703	-0.5327061703	0.5327061703	-0.5327061703	0.5327061703	-0.5327061703	0.5327061703	-0.5327061703	-1.053565123	-0.5327061703	-1.139324895	-0.3178546243	1.278308702
1.422188944	-1.422188944	1.422188944	-1.422188944	-1.422188944	1.422188944	-1.422188944	1.422188944	-1.422188944	1.422188944	-1.422188944	1.422188944	-1.422188944	1.422188944	-1.422188944	1.422188944	1.191550156	1.422188944	-1.254066713	0.1802512366	0.9813341133
-0.7403294675	0.7403294675	-0.7403294675	0.7403294675	0.7403294675	-0.7403294675	0.7403294675	-0.7403294675	0.7403294675	-0.7403294675	0.7403294675	-0.7403294675	0.7403294675	-0.7403294675	0.7403294675	-0.7403294675	-0.9213441771	-0.7403294675	-1.142613302	0.4568066955	0.3777888446
-0.7942695463	0.7942695463	-0.7942695463	0.7942695463	0.7942695463	-0.7942695463	0.7942695463	-0.7942695463	0.7942695463	-0.7942695463	0.7942695463	-0.7942695463	0.7942695463	-0.7942695463	0.7942695463	-0.7942695463	-0.9411376762	-0.7942695463	-0.9670047988	-0.1071639638	1.185994944
0.4148672973	-0.4148672973	0.4148672973	-0.4148672973	-0.4148672973	0.4148672973	-0.4148672973	0.4148672973	-0.4148672973	0.4148672973	-0.4148672973	0.4148672973	-0.4148672973	0.4148672973	-0.4148672973	0.4148672973	0.007733495043	0.4148672973	-1.311741654	0.09836017051	1.099603935
0.1364634859	-0.1364634859	0.1364634859	-0.1364634859	-0.1364634859	0.1364634859	-0.1364634859	0.1364634859	-0.1364634859	0.1364634859	-0.1364634859	0.1364634859	-0.1364634859	0.1364634859	-0.1364634859	0.1364634859	-0.2957610036	0.1364634859	-1.081995136	0.5470811943	0.9411811164
-1.17987632	1.17987632	-1.17987632	1.17987632	1.17987632	-1.17987632	1.17987632	-1.17987632	1.17987632	-1.17987632	1.17987632	-1.17987632	1.17987632	-1.17987632	1.17987632	-1.17987632	-0.6499527885	-1.17987632	-1.184456651	0.2981874652	0.3495996199
0.5591252876	-0.5591252876	0.5591252876	-0.5591252876	-0.5591252876	0.5591252876	-0.5591252876	0.5591252876	-0.5591252876	0.5591252876	-0.5591252876	0.5591252876	-0.5591252876	0.5591252876	-0.5591252876	0.5591252876	0.2836615397	0.5591252876	-1.069403141	-0.5519677832	1.871912426
1.302052583	-1.302052583	1.302052583	-1.302052583	-1.302052583	1.302052583	-1.302052583	1.302052583	-1.302052583	1.302052583	-1.302052583	1.302052583	-1.302052583	1.302052583	-1.302052583	1.302052583	0.4736603201	1.302052583	-1.074008178	0.2508987566	1.447313834
-1.520819854	1.520819854	-1.520819854	1.520819854	1.520819854	-1.520819854	1.520819854	-1.520819854	1.520819854	-1.520819854	1.520819854	-1.520819854	1.520819854	-1.520819854	1.520819854	-1.520819854	-1.206777764	-1.520819854	-1.197191301	0.6690397977	0.3715207665
-0.5776187447	0.5776187447	-0.5776187447	0.5776187447	0.5776187447	-0.5776187447	0.5776187447	-0.5776187447	0.5776187447	-0.5776187447	0.5776187447	-0.5776187447	0.5776187447	-0.5776187447	0.5776187447	-0.5776187447	-1.251293404	-0.5776187447	-0.7832586333	-0.6096881967	1.692551385
1.458457249	-1.458457249	1.458457249	-1.458457249	-1.458457249	1.458457249	-1.458457249	1.458457249	-1.458457249	1.458457249	-1.458457249	1.458457249	-1.458457249	1.458457249	-1.458457249	1.458457249	0.7921333975	1.458457249	-1.252859867	0.2465974985	1.639559818
-1.511422704	1.511422704	-1.511422704	1.511422704	1.511422704	-1.511422704	1.511422704	-1.511422704	1.511422704	-1.511422704	1.511422704	-1.511422704	1.511422704	-1.511422704	1.511422704	-1.511422704	-1.428004547	-1.511422704	-1.087841264	0.5230919916	0.5910408661
-0.6501775493	0.6501775493	-0.6501775493	0.6501775493	0.6501775493	-0.6501775493	0.6501775493	-0.6501775493	0.6501775493	-0.6501775493	0.6501775493	-0.6501775493	0.6501775493	-0.6501775493	0.6501775493	-0.6501775493	-1.133810067	-0.6501775493	-1.141864802	0.02596431718	1.244361036
1.023373372	-1.023373372	1.023373372	-1.023373372	-1.023373372	1.023373372	-1.023373372	1.023373372	-1.023373372	1.023373372	-1.023373372	1.023373372	-1.023373372	1.023373372	-1.023373372	1.023373372	0.8837541451	1.023373372	-1.292852824	0.3554940014	1.144188184
-1.004985604	1.004985604	-1.004985604	1.004985604	1.004985604	-1.004985604	1.004985604	-1.004985604	1.004985604	-1.004985604	1.004985604	-1.004985604	1.004985604	-1.004985604	1.004985604	-1.004985604	-0.8311878231	-1.004985604	-1.132654269	0.6191397211	0.5560072643
-0.4506039975	0.4506039975	-0.4506039975	0.4506039975	0.4506039975	-0.4506039975	0.4506039975	-0.4506039975	0.4506039975	-0.4506039975	0.4506039975	-0.4506039975	0.4506039975	-0.4506039975	0.4506039975	-0.4506039975	-0.6796985631	-0.4506039975	-1.090418245	-0.3673907768	1.188279841
0.724291573	-0.724291573	0.724291573	-0.724291573	-0.724291573	0.724291573	-0.724291573	0.724291573	-0.724291573	0.724291573	-0.724291573	0.724291573	-0.724291573	0.724291573	-0.724291573	0.724291573	0.04530062537	0.724291573	-1.222133415	-0.2810642728	1.429949165
0.04817777774	-0.04817777774	0.04817777774	-0.04817777774	-0.04817777774	0.04817777774	-0.04817777774	0.04817777774	-0.04817777774	0.04817777774	-0.04817777774	0.04817777774	-0.04817777774	0.04817777774	-0.04817777774	0.04817777774	-0.1955371841	0.04817777774	-1.163882348	0.7612482716	0.6728289151
-0.8206237789	0.8206237789	-0.8206237789	0.8206237789	0.8206237789	-0.8206237789	0.8206237789	-0.8206237789	0.8206237789	-0.8206237789	0.8206237789	-0.8206237789	0.8206237789	-0.8206237789	0.8206237789	-0.8206237789	-0.7294243643	-0.8206237789	-1.279987209	0.1822841244	0.8642213671
0.1170799604	-0.1170799604	0.1170799604	-0.1170799604	-0.1170799604	0.1170799604	-0.1170799604	0.1170799604	-0.1170799604	0.1170799604	-0.1170799604	0.1170799604	-0.1170799604	0.1170799604	-0.1170799604	0.1170799604	-0.2042234851	0.1170799604	-1.196778167	-0.2567616397	1.231075141
1.123055102	-1.123055102	1.123055102	-1.123055102	-1.123055102	1.123055102	-1.123055102	1.123055102	-1.123055102	1.123055102	-1.123055102	1.123055102	-1.123055102	1.123055102	-1.123055102	1.123055102	1.064889069	1.123055102	-1.14713389	0.3604153625	1.49850219
-1.162651552	1.162651552	-1.162651552	1.162651552	1.162651552	-1.162651552	1.162651552	-1.162651552	1.162651552	-1.162651552	1.162651552	-1.162651552	1.162651552	-1.162651552	1.162651552	-1.162651552	-0.3477330131	-1.162651552	-1.189357556	0.2459352395	0.7151570326
0.1656370838	-0.1656370838	0.1656370838	-0.1656370838	-0.1656370838	0.1656370838	-0.1656370838	0.1656370838	-0.1656370838	0.1656370838	-0.1656370838	0.1656370838	-0.1656370838	0.1656370838	-0.1656370838	0.1656370838	-0.6575578375	0.1656370838	-0.7981425093	-0.4159430854	2.460701742
1.789264832	-1.789264832	1.789264832	-1.789264832	-1.789264832	1.789264832	-1.789264832	1.789264832	-1.789264832	1.789264832	-1.789264832	1.789264832	-1.789264832	1.789264832	-1.789264832	1.789264832	1.738620594	1.789264832	-1.152678048	1.216024845	1.586342887
-1.222097512	1.222097512	-1.222097512	1.222097512	1.222097512	-1.222097512	1.222097512	-1.222097512	1.222097512	-1.222097512	1.222097512	-1.222097512	1.222097512	-1.222097512	1.222097512	-1.222097512	-1.055252251	-1.222097512	-0.9071475038	1.854029631	0.8032152329
-1.334152365	1.334152365	-1.334152365	1.334152365	1.334152365	-1.334152365	1.334152365	-1.334152365	1.334152365	-1.334152365	1.334152365	-1.334152365	1.334152365	-1.334152365	1.334152365	-1.334152365	-1.630213367	-1.334152365	-0.4093094533	0.7582342881	1.720593834
0.8531174379	-0.8531174379	0.8531174379	-0.8531174379	-0.8531174379	0.8531174379	-0.8531174379	0.8531174379	-0.8531174379	0.8531174379	-0.8531174379	0.8531174379	-0.8531174379	0.8531174379	-0.8531174379	0.8531174379	0.6372536629	0.8531174379	-0.9961900051	1.107555108	1.528910858
-0.227196277	0.227196277	-0.227196277	0.227196277	0.227196277	-0.227196277	0.227196277	-0.227196277	0.227196277	-0.227196277	0.227196277	-0.227196277	0.227196277	-0.227196277	0.227196277	-0.227196277	0.1738769721	-0.227196277	-0.9285326213	1.953295831	0.6979704066
-1.269629348	1.269629348	-1.269629348	1.269629348	1.269629348	-1.269629348	1.269629348	-1.269629348	1.269629348	-1.269629348	1.269629348	-1.269629348	1.269629348	-1.269629348	1.269629348	-1.269629348	-1.053277555	-1.269629348	-0.8842432091	1.070699071	1.599218597
-0.1983845313	0.1983845313	-0.1983845313	0.1983845313	0.1983845313	-0.1983845313	0.1983845313	-0.1983845313	0.1983845313	-0.1983845313	0.1983845313	-0.1983845313	0.1983845313	-0.1983845313	0.1983845313	-0.1983845313	-0.8543954029	-0.1983845313	-0.827326662	0.7124284562	2.000001972
1.30161047	-1.30161047	1.30161047	-1.30161047	-1.30161047	1.30161047	-1.30161047	1.30161047	-1.30161047	1.30161047	-1.30161047	1.30161047	-1.30161047	1.30161047	-1.30161047	1.30161047	1.506983996	1.30161047	-0.7802785747	1.362493703	1.783787071
-1.335248722	1.335248722	-1.335248722	1.335248722	1.335248722	-1.335248722	1.335248722	-1.335248722	1.335248722	-1.335248722	1.335248722	-1.335248722	1.335248722	-1.335248722	1.335248722	-1.335248722	-0.731513704	-1.335248722	-0.8852958428	1.592504502	1.133436074
-0.5258507495	0.5258507495	-0.5258507495	0.5258507495	0.5258507495	-0.5258507495	0.5258507495	-0.5258507495	0.5258507495	-0.5258507495	0.5258507495	-0.5258507495	0.5258507495	-0.5258507495	0.5258507495	-0.5258507495	-0.6947824825	-0.5258507495	-0.6840685447	1.019341255	1.921129059
1.310978618	-1.310978618	1.310978618	-1.310978618	-1.310978618	1.310978618	-1.310978618	1.310978618	-1.310978618	1.310978618	-1.310978618	1.310978618	-1.310978618	1.310978618	-1.310978618	1.310978618	0.7489613355	1.310978618	-0.8038337246	1.202461347	2.030190289
-0.5158615789	0.5158615789	-0.5158615789	0.5158615789	0.5158615789	-0.5158615789	0.5158615789	-0.5158615789	0.5158615789	-0.5158615789	0.5158615789	-0.5158615789	0.5158615789	-0.5158615789	0.5158615789	-0.5158615789	-0.2839547748	-0.5158615789	-0.8223344904	1.83166396	1.258790851
-0.9218264141	0.9218264141	-0.9218264141	0.9218264141	0.9218264141	-0.9218264141	0.9218264141	-0.9218264141	0.9218264141	-0.9218264141	0.9218264141	-0.9218264141	0.9218264141	-0.9218264141	0.9218264141	-0.9218264141	-0.9416486725	-0.9218264141	-0.8004933578	1.111111043	1.41577031
0.1063083497	-0.1063083497	0.1063083497	-0.1063083497	-0.1063083497	0.1063083497	-0.1063083497	0.1063083497	-0.1063083497	0.1063083497	-0.1063083497	0.1063083497	-0.1063083497	0.1063083497	-0.1063083497	0.1063083497	-0.2789864854	0.1063083497	-0.8215359981	1.027713489	1.780522791
1.344938354	-1.344938354	1.344938354	-1.344938354	-1.344938354	1.344938354	-1.344938354	1.344938354	-1.344938354	1.344938354	-1.344938354	1.344938354	-1.344938354	1.344938354	-1.344938354	1.344938354	1.126004428	1.344938354	-1.037949352	1.535586623	1.519822317
-1.06722375	1.06722375	-1.06722375	1.06722375	1.06722375	-1.06722375	1.06722375	-1.06722375	1.06722375	-1.06722375	1.06722375	-1.06722375	1.06722375	-1.06722375	1.06722375	-1.06722375	-0.8595896362	-1.06722375	-0.9824852604	1.690348063	1.012433225
-0.7285386105	0.7285386105	-0.7285386105	0.7285386105	0.7285386105	-0.7285386105	0.7285386105	-0.7285386105	0.7285386105	-0.7285386105	0.7285386105	-0.7285386105	0.7285386105	-0.7285386105	0.7285386105	-0.7285386105	-0.5423871147	-0.7285386105	-0.8725842102	1.161884251	1.446029479
0.8764182434	-0.8764182434	0.8764182434	-0.8764182434	-0.8764182434	0.8764182434	-0.8764182434	0.8764182434	-0.8764182434	0.8764182434	-0.8764182434	0.8764182434	-0.8764182434	0.8764182434	-0.8764182434	0.8764182434	-0.03660719891	0.8764182434	-0.9044533348	1.45608133	1.73149015
-0.911126839	0.911126839	-0.911126839	0.911126839	0.911126839	-0.911126839	0.911126839	-0.911126839	0.911126839	-0.911126839	0.911126839	-0.911126839	0.911126839	-0.911126839	0.911126839	-0.911126839	-0.8574243403	-0.911126839	-0.8238593027	1.629133374	1.032331681
-0.4820840089	0.4820840089	-0.4820840089	0.4820840089	0.4820840089	-0.4820840089	0.4820840089	-0.4820840089	0.4820840089	-0.4820840089	0.4820840089	-0.4820840089	0.4820840089	-0.4820840089	0.4820840089	-0.4820840089	-0.7280137027	-0.4820840089	-0.7595140134	1.308717623	1.800695708
0.2846872457	-0.2846872457	0.2846872457	-0.2846872457	-0.2846872457	0.2846872457	-0.2846872457	0.2846872457	-0.2846872457	0.2846872457	-0.2846872457	0.2846872457	-0.2846872457	0.2846872457	-0.2846872457	0.2846872457	-0.4318800612	0.2846872457	-0.9349187021	1.271624378	1.87195677
